
insert into claim_schema.employee (id, last_name, first_name, middle_name, position, deartment, on_vacation, is_active) values (1, 'Collabine', 'Wendall', 'Dehlia', 'senior specialist', 'Customer experience management', true, false);
insert into claim_schema.employee (id, last_name, first_name, middle_name, position, deartment, on_vacation, is_active) values (2, 'Burborough', 'Caleb', 'Orville', 'chief', 'Customer experience management', false, false);
insert into claim_schema.employee (id, last_name, first_name, middle_name, position, deartment, on_vacation, is_active) values (3, 'Braben', 'Brandise', 'Celestina', 'group leader', 'CTO Customer request processing group', true, true);
insert into claim_schema.employee (id, last_name, first_name, middle_name, position, deartment, on_vacation, is_active) values (4, 'Tavernor', 'Kelcey', 'Wilhelmine', 'senior specialist', 'Customer experience management', false, true);
insert into claim_schema.employee (id, last_name, first_name, middle_name, position, deartment, on_vacation, is_active) values (5, 'Lawton', 'Alley', 'Greta', 'group leader', 'CTO Quality control group', true, true);
insert into claim_schema.employee (id, last_name, first_name, middle_name, position, deartment, on_vacation, is_active) values (6, 'Orman', 'Prent', 'Abigale', 'senior specialist', 'Customer experience management', true, true);
insert into claim_schema.employee (id, last_name, first_name, middle_name, position, deartment, on_vacation, is_active) values (7, 'Muirhead', 'Joela', 'Arlen', 'senior specialist', 'CTO Quality control group', true, false);
insert into claim_schema.employee (id, last_name, first_name, middle_name, position, deartment, on_vacation, is_active) values (8, 'Duferie', 'Russ', 'Freddie', 'junior specialist', 'CTO Quality control group', true, true);
insert into claim_schema.employee (id, last_name, first_name, middle_name, position, deartment, on_vacation, is_active) values (9, 'Challicum', 'Max', 'Gabriel', 'junior specialist', 'CTO Customer request processing group', false, false);
insert into claim_schema.employee (id, last_name, first_name, middle_name, position, deartment, on_vacation, is_active) values (10, 'Maddigan', 'Maurita', 'Brenn', 'junior specialist', 'CTO Customer request processing group', false, true);
insert into claim_schema.employee (id, last_name, first_name, middle_name, position, deartment, on_vacation, is_active) values (11, 'Thickpenny', 'Kikelia', 'Darell', 'senior specialist', 'CTO Quality control group', true, false);
insert into claim_schema.employee (id, last_name, first_name, middle_name, position, deartment, on_vacation, is_active) values (12, 'Chopin', 'Raddy', 'Cookie', 'junior specialist', 'CTO Quality control group', true, true);
insert into claim_schema.employee (id, last_name, first_name, middle_name, position, deartment, on_vacation, is_active) values (13, 'Ferreira', 'Mikael', 'Meridith', 'senior specialist', 'CTO Customer request processing group', true, true);
insert into claim_schema.employee (id, last_name, first_name, middle_name, position, deartment, on_vacation, is_active) values (14, 'Cinnamond', 'Izabel', 'Dotti', 'senior specialist', 'CTO Customer request processing group', false, false);
insert into claim_schema.employee (id, last_name, first_name, middle_name, position, deartment, on_vacation, is_active) values (15, 'Mattholie', 'Jade', 'Roselia', 'junior specialist', 'CTO Customer request processing group', false, true);
insert into claim_schema.employee (id, last_name, first_name, middle_name, position, deartment, on_vacation, is_active) values (16, 'Dunabie', 'Yolane', 'Eberhard', 'junior specialist', 'CTO Customer request processing group', false, false);
insert into claim_schema.employee (id, last_name, first_name, middle_name, position, deartment, on_vacation, is_active) values (17, 'Gow', 'Albertine', 'Kendre', 'junior specialist', 'CTO Quality control group', true, false);
insert into claim_schema.employee (id, last_name, first_name, middle_name, position, deartment, on_vacation, is_active) values (18, 'Juggins', 'Roarke', 'Morna', 'junior specialist', 'Customer experience management', true, true);
insert into claim_schema.employee (id, last_name, first_name, middle_name, position, deartment, on_vacation, is_active) values (19, 'Roggerone', 'Winne', 'Susi', 'middle specialist', 'CTO Quality control group', true, true);
insert into claim_schema.employee (id, last_name, first_name, middle_name, position, deartment, on_vacation, is_active) values (20, 'Streight', 'Thornton', 'Benedikta', 'middle specialist', 'CTO Customer request processing group', true, true);


insert into claim_schema.role (id, name, description, start_date, end_date) values (1, 'регистратор  обращения', 'description 1', '2021-12-10', null);
insert into claim_schema.role (id, name, description, start_date, end_date) values (2, 'ответственный по обращению', 'description 2', '2021-10-19', null);
insert into claim_schema.role (id, name, description, start_date, end_date) values (3, 'контролер по качеству обработки обращения', 'description 3', '2021-03-05', null);
insert into claim_schema.role (id, name, description, start_date, end_date) values (4, 'контролер процесса по работе с обращениями', 'description 4', '2021-12-13', null);
insert into claim_schema.role (id, name, description, start_date, end_date) values (5, 'Секретарь претензионной комиссии', 'description 5', '2021-12-13', null);

insert into claim_schema.role_employee (employee_id, role_id) values (1, 2);
insert into claim_schema.role_employee (employee_id, role_id) values (2, 3);
insert into claim_schema.role_employee (employee_id, role_id) values (3, 2);
insert into claim_schema.role_employee (employee_id, role_id) values (4, 1);
insert into claim_schema.role_employee (employee_id, role_id) values (5, 3);
insert into claim_schema.role_employee (employee_id, role_id) values (6, 4);
insert into claim_schema.role_employee (employee_id, role_id) values (7, 4);
insert into claim_schema.role_employee (employee_id, role_id) values (8, 4);
insert into claim_schema.role_employee (employee_id, role_id) values (9, 2);
insert into claim_schema.role_employee (employee_id, role_id) values (10, 1);
insert into claim_schema.role_employee (employee_id, role_id) values (11, 2);
insert into claim_schema.role_employee (employee_id, role_id) values (12, 1);
insert into claim_schema.role_employee (employee_id, role_id) values (13, 3);
insert into claim_schema.role_employee (employee_id, role_id) values (14, 1);
insert into claim_schema.role_employee (employee_id, role_id) values (15, 3);
insert into claim_schema.role_employee (employee_id, role_id) values (16, 3);
insert into claim_schema.role_employee (employee_id, role_id) values (17, 1);
insert into claim_schema.role_employee (employee_id, role_id) values (18, 1);
insert into claim_schema.role_employee (employee_id, role_id) values (19, 1);
insert into claim_schema.role_employee (employee_id, role_id) values (20, 4);


insert into claim_schema.role_employee (employee_id, role_id) values (1, 2);
insert into claim_schema.role_employee (employee_id, role_id) values (2, 3);
insert into claim_schema.role_employee (employee_id, role_id) values (3, 2);
insert into claim_schema.role_employee (employee_id, role_id) values (4, 1);
insert into claim_schema.role_employee (employee_id, role_id) values (5, 3);
insert into claim_schema.role_employee (employee_id, role_id) values (6, 4);
insert into claim_schema.role_employee (employee_id, role_id) values (7, 4);
insert into claim_schema.role_employee (employee_id, role_id) values (8, 4);
insert into claim_schema.role_employee (employee_id, role_id) values (9, 2);
insert into claim_schema.role_employee (employee_id, role_id) values (10, 1);
insert into claim_schema.role_employee (employee_id, role_id) values (11, 2);
insert into claim_schema.role_employee (employee_id, role_id) values (12, 1);
insert into claim_schema.role_employee (employee_id, role_id) values (13, 3);
insert into claim_schema.role_employee (employee_id, role_id) values (14, 1);
insert into claim_schema.role_employee (employee_id, role_id) values (15, 3);
insert into claim_schema.role_employee (employee_id, role_id) values (16, 3);
insert into claim_schema.role_employee (employee_id, role_id) values (17, 1);
insert into claim_schema.role_employee (employee_id, role_id) values (18, 1);
insert into claim_schema.role_employee (employee_id, role_id) values (19, 1);
insert into claim_schema.role_employee (employee_id, role_id) values (20, 4);


insert into claim_schema.claim_status (id, name, start_date, end_date) values (1, 'Создано', '2022-01-23', null);
insert into claim_schema.claim_status (id, name, start_date, end_date) values (2, 'Черновик', '2022-01-23', null);
insert into claim_schema.claim_status (id, name, start_date, end_date) values (3, 'Зарегистрировано', '2022-01-23', null);
insert into claim_schema.claim_status (id, name, start_date, end_date) values (4, 'Отмена', '2022-01-23', null);
insert into claim_schema.claim_status (id, name, start_date, end_date) values (5, 'В работе', '2022-01-23', null);
insert into claim_schema.claim_status (id, name, start_date, end_date) values (6, 'Ожидает уточнения', '2022-01-23', null);
insert into claim_schema.claim_status (id, name, start_date, end_date) values (7, 'В работе Service desk', '2022-01-23', null);
insert into claim_schema.claim_status (id, name, start_date, end_date) values (8, 'В работе у Претензионной комиссии', '2022-01-23', null);
insert into claim_schema.claim_status (id, name, start_date, end_date) values (9, 'Обработано', '2022-01-23', null);
insert into claim_schema.claim_status (id, name, start_date, end_date) values (10, 'Ожидает контроль качества', '2022-01-23', null);
insert into claim_schema.claim_status (id, name, start_date, end_date) values (11, 'На проверке у контролера', '2022-01-23', null);
insert into claim_schema.claim_status (id, name, start_date, end_date) values (12, 'Закрыто', '2022-01-23', null);


insert into claim_schema.channel (id, name, start_date, end_date, type) values (1, 'звонок в контакт-центр', '2022-01-23', null, 'Устное');
insert into claim_schema.channel (id, name, start_date, end_date, type) values (2, 'визит в отделение Банка', '2022-01-23', null, 'Устное');
insert into claim_schema.channel (id, name, start_date, end_date, type) values (3, 'направление обращения по электронной почте', '2022-01-23', null, 'Устное');
insert into claim_schema.channel (id, name, start_date, end_date, type) values (4, 'заполнение формы на сайте Банка или он-лайн чат', '2022-01-23', null, 'Устное');
insert into claim_schema.channel (id, name, start_date, end_date, type) values (5, 'обратная связь клиента на сайте отзывов', '2022-01-23', null, 'Устное');
insert into claim_schema.channel (id, name, start_date, end_date, type) values (6, 'обратная связь клиента в социальных сетях или мессенджерах', '2022-01-23', null, 'Устное');
insert into claim_schema.channel (id, name, start_date, end_date, type) values (7, 'направление корреспонденции по почте', '2022-01-23', null, 'Письменное');
insert into claim_schema.channel (id, name, start_date, end_date, type) values (8, 'поданное клиентом через канцелярию Банка', '2022-01-23', null, 'Письменное');


insert into claim_schema.priority (id, name, start_date, end_date, rule) values (1, 'High', '2022-01-23', null, 'rule 1');
insert into claim_schema.priority (id, name, start_date, end_date, rule) values (2, 'Medium', '2022-01-23', null, 'rule 2');
insert into claim_schema.priority (id, name, start_date, end_date, rule) values (3, 'Low', '2022-01-23', null, 'rule 3');


insert into claim_schema.category (id, name, start_date, end_date, type, max_duration) values (1, 'Жалоба', '2022-01-23', null, 1, 3);
insert into claim_schema.category (id, name, start_date, end_date, type, max_duration) values (2, 'Претензия', '2022-01-23', null, 2, 3);
insert into claim_schema.category (id, name, start_date, end_date, type, max_duration) values (3, 'Запрос', '2022-01-23', null, 3, 7);
insert into claim_schema.category (id, name, start_date, end_date, type, max_duration) values (4, 'Предложение', '2022-01-23', null, 4, 30);
insert into claim_schema.category (id, name, start_date, end_date, type, max_duration) values (5, 'Благодарность', '2022-01-23', null, 4, 30);


insert into claim_schema.customer (id, email, phone, employee_id, type) values (1, 'rvaudin0@people.com.cn', '358-443-9919', 5,'individual');
insert into claim_schema.customer (id, email, phone, employee_id, type) values (2, 'fedmunds1@auda.org.au', '407-796-1818', 14,'individual');
insert into claim_schema.customer (id, email, phone, employee_id, type) values (3, 'jtebbs2@surveymonkey.com', '749-671-4677', 11,'individual');
insert into claim_schema.customer (id, email, phone, employee_id, type) values (4, 'slowmass3@goo.ne.jp', '180-585-7106', 7,'individual');
insert into claim_schema.customer (id, email, phone, employee_id, type) values (5, 'lanthoin4@technorati.com', '550-153-5085', 7,'individual');
insert into claim_schema.customer (id, email, phone, employee_id, type) values (6, 'eovize5@paypal.com', '635-742-1550', 17,'individual');
insert into claim_schema.customer (id, email, phone, employee_id, type) values (7, 'vgrowcott6@imgur.com', '636-726-2382', 14,'individual');
insert into claim_schema.customer (id, email, phone, employee_id, type) values (8, 'afitzsymon7@alibaba.com', '821-612-1435', 12,'individual');
insert into claim_schema.customer (id, email, phone, employee_id, type) values (9, 'cblunden8@hostgator.com', '477-274-1831', 2,'individual');
insert into claim_schema.customer (id, email, phone, employee_id, type) values (10, 'lmellhuish9@zdnet.com', '134-577-6729', 9,'individual');
insert into claim_schema.customer (id, email, phone, employee_id, type) values (11, 'bsimonitea@elegantthemes.com', '723-701-9571', 13,'individual');
insert into claim_schema.customer (id, email, phone, employee_id, type) values (12, 'jblethynb@businessinsider.com', '712-551-8369', 16,'individual');
insert into claim_schema.customer (id, email, phone, employee_id, type) values (13, 'sallomc@usnews.com', '439-840-0875', 5,'individual');
insert into claim_schema.customer (id, email, phone, employee_id, type) values (14, 'mmessumd@foxnews.com', '336-416-0586', 8,'individual');
insert into claim_schema.customer (id, email, phone, employee_id, type) values (15, 'epentercoste@aol.com', '174-380-4226', 10,'individual');
insert into claim_schema.customer (id, email, phone, employee_id, type) values (16, 'lyeabsleyf@fastcompany.com', '153-723-2107', 5,'individual');
insert into claim_schema.customer (id, email, phone, employee_id, type) values (17, 'tblethyng@narod.ru', '319-782-3526', 5,'individual');
insert into claim_schema.customer (id, email, phone, employee_id, type) values (18, 'oghelarduccih@twitter.com', '428-710-8999', 5,'individual');
insert into claim_schema.customer (id, email, phone, employee_id, type) values (19, 'asevieri@aboutads.info', '482-290-7154', 13,'individual');
insert into claim_schema.customer (id, email, phone, employee_id, type) values (20, 'agwynethj@github.io', '532-483-6522', 14,'individual');
insert into claim_schema.customer (id, email, phone, employee_id, type) values (21, 'ahesbrookk@hubpages.com', '523-310-4716', 5,'individual');
insert into claim_schema.customer (id, email, phone, employee_id, type) values (22, 'cmagorl@marriott.com', '689-798-1340', 3,'individual');
insert into claim_schema.customer (id, email, phone, employee_id, type) values (23, 'espurlingm@shop-pro.jp', '509-956-0509', 12,'individual');
insert into claim_schema.customer (id, email, phone, employee_id, type) values (24, 'egoodinn@yahoo.com', '258-977-1536', 17,'individual');
insert into claim_schema.customer (id, email, phone, employee_id, type) values (25, 'lgarbetto@narod.ru', '813-331-4402', 19,'individual');
insert into claim_schema.customer (id, email, phone, employee_id, type) values (26, 'rgollandp@friendfeed.com', '274-323-7092', 6,'individual');
insert into claim_schema.customer (id, email, phone, employee_id, type) values (27, 'bclellq@diigo.com', '872-632-0496', 1,'individual');
insert into claim_schema.customer (id, email, phone, employee_id, type) values (28, 'mocullenr@photobucket.com', '485-377-5017', 4,'individual');
insert into claim_schema.customer (id, email, phone, employee_id, type) values (29, 'fbatisses@nifty.com', '469-694-6460', 11,'individual');
insert into claim_schema.customer (id, email, phone, employee_id, type) values (30, 'blippittt@clickbank.net', '167-649-1698', 8,'individual');
insert into claim_schema.customer (id, email, phone, employee_id, type) values (31, 'mbreawoodu@deliciousdays.com', '959-581-9752', 5,'company');
insert into claim_schema.customer (id, email, phone, employee_id, type) values (32, 'jheafordv@skyrock.com', '951-941-7145', 6,'company');
insert into claim_schema.customer (id, email, phone, employee_id, type) values (33, 'kstraussw@opera.com', '303-212-8235', 20,'company');
insert into claim_schema.customer (id, email, phone, employee_id, type) values (34, 'wcallacherx@bloglines.com', '826-276-6533', 4,'company');
insert into claim_schema.customer (id, email, phone, employee_id, type) values (35, 'edoely@gizmodo.com', '535-208-0842', 19,'company');
insert into claim_schema.customer (id, email, phone, employee_id, type) values (36, 'rtrowsdallz@skyrock.com', '360-277-8225', 19,'company');
insert into claim_schema.customer (id, email, phone, employee_id, type) values (37, 'jogrowgane10@sogou.com', '444-215-1151', 5,'company');
insert into claim_schema.customer (id, email, phone, employee_id, type) values (38, 'cdavioud11@yellowbook.com', '812-204-6942', 20,'company');
insert into claim_schema.customer (id, email, phone, employee_id, type) values (39, 'dquogan12@discovery.com', '312-619-0679', 16,'company');
insert into claim_schema.customer (id, email, phone, employee_id, type) values (40, 'iogilvie13@mediafire.com', '694-958-2766', 15,'company');
insert into claim_schema.customer (id, email, phone, employee_id, type) values (41, 'vchampagne14@posterous.com', '257-617-7004', 19,'company');
insert into claim_schema.customer (id, email, phone, employee_id, type) values (42, 'fhurton15@last.fm', '685-729-8006', 5,'company');
insert into claim_schema.customer (id, email, phone, employee_id, type) values (43, 'bjanak16@blogtalkradio.com', '971-246-7482', 9,'company');
insert into claim_schema.customer (id, email, phone, employee_id, type) values (44, 'bwalkington17@pen.io', '180-530-8483', 18,'company');
insert into claim_schema.customer (id, email, phone, employee_id, type) values (45, 'jfake18@yellowbook.com', '433-964-7539', 2,'company');
insert into claim_schema.customer (id, email, phone, employee_id, type) values (46, 'amcsperron19@state.gov', '240-587-3007', 19,'company');
insert into claim_schema.customer (id, email, phone, employee_id, type) values (47, 'dvasenin1a@scientificamerican.com', '898-817-5969', 18,'company');
insert into claim_schema.customer (id, email, phone, employee_id, type) values (48, 'vwhimp1b@time.com', '855-665-3163', 16,'company');
insert into claim_schema.customer (id, email, phone, employee_id, type) values (49, 'mcamacho1c@wix.com', '977-651-7905', 8,'company');
insert into claim_schema.customer (id, email, phone, employee_id, type) values (50, 'arochford1d@hostgator.com', '223-532-3223', 17, 'company');


insert into claim_schema.customer_individual (id, last_name, first_name, middle_name, doc_series, doc_number) values (1, 'Lambeth', 'Cyndia', 'Candide', 6141, 510482);
insert into claim_schema.customer_individual (id, last_name, first_name, middle_name, doc_series, doc_number) values (2, 'Pogosian', 'Peirce', 'Karylin', 3258, 184991);
insert into claim_schema.customer_individual (id, last_name, first_name, middle_name, doc_series, doc_number) values (3, 'Trenoweth', 'Aleda', 'Alessandra', 3886, 679123);
insert into claim_schema.customer_individual (id, last_name, first_name, middle_name, doc_series, doc_number) values (4, 'Van T''Hoog', 'Dannie', 'Rock', 4523, 920154);
insert into claim_schema.customer_individual (id, last_name, first_name, middle_name, doc_series, doc_number) values (5, 'Ridgers', 'Hieronymus', 'Flossie', 9415, 234708);
insert into claim_schema.customer_individual (id, last_name, first_name, middle_name, doc_series, doc_number) values (6, 'Gut', 'Nikos', 'Lacie', 4055, 160279);
insert into claim_schema.customer_individual (id, last_name, first_name, middle_name, doc_series, doc_number) values (7, 'Eyres', 'Cob', 'Vicki', 6029, 155741);
insert into claim_schema.customer_individual (id, last_name, first_name, middle_name, doc_series, doc_number) values (8, 'McInteer', 'Ber', 'Yancey', 6104, 610823);
insert into claim_schema.customer_individual (id, last_name, first_name, middle_name, doc_series, doc_number) values (9, 'Cattell', 'Madelin', 'Eleanora', 6093, 789468);
insert into claim_schema.customer_individual (id, last_name, first_name, middle_name, doc_series, doc_number) values (10, 'Dodsley', 'Tomlin', 'Odille', 5926, 287536);
insert into claim_schema.customer_individual (id, last_name, first_name, middle_name, doc_series, doc_number) values (11, 'Deering', 'Seumas', 'Allix', 6893, 260845);
insert into claim_schema.customer_individual (id, last_name, first_name, middle_name, doc_series, doc_number) values (12, 'Schubbert', 'Wit', 'Mac', 7174, 459809);
insert into claim_schema.customer_individual (id, last_name, first_name, middle_name, doc_series, doc_number) values (13, 'Pettendrich', 'Valina', 'Bernie', 5969, 527714);
insert into claim_schema.customer_individual (id, last_name, first_name, middle_name, doc_series, doc_number) values (14, 'Weine', 'Hewe', 'Brit', 1499, 805108);
insert into claim_schema.customer_individual (id, last_name, first_name, middle_name, doc_series, doc_number) values (15, 'Filov', 'Linn', 'Berky', 1557, 406763);
insert into claim_schema.customer_individual (id, last_name, first_name, middle_name, doc_series, doc_number) values (16, 'Handrahan', 'Fania', 'Alvin', 5588, 966776);
insert into claim_schema.customer_individual (id, last_name, first_name, middle_name, doc_series, doc_number) values (17, 'Isitt', 'Debora', 'Herbie', 1128, 600340);
insert into claim_schema.customer_individual (id, last_name, first_name, middle_name, doc_series, doc_number) values (18, 'Windibank', 'Mikey', 'Artemus', 5317, 814679);
insert into claim_schema.customer_individual (id, last_name, first_name, middle_name, doc_series, doc_number) values (19, 'Beebe', 'Mitchel', 'Charmaine', 5655, 406803);
insert into claim_schema.customer_individual (id, last_name, first_name, middle_name, doc_series, doc_number) values (20, 'Francillo', 'Carlin', 'Mike', 8281, 404690);
insert into claim_schema.customer_individual (id, last_name, first_name, middle_name, doc_series, doc_number) values (21, 'Kennicott', 'Morley', 'Missy', 3293, 558712);
insert into claim_schema.customer_individual (id, last_name, first_name, middle_name, doc_series, doc_number) values (22, 'Wiffill', 'Cindy', 'Dorris', 3232, 151997);
insert into claim_schema.customer_individual (id, last_name, first_name, middle_name, doc_series, doc_number) values (23, 'Quince', 'Aldwin', 'Vanya', 7397, 179751);
insert into claim_schema.customer_individual (id, last_name, first_name, middle_name, doc_series, doc_number) values (24, 'Meale', 'Kurtis', 'Rice', 3902, 848350);
insert into claim_schema.customer_individual (id, last_name, first_name, middle_name, doc_series, doc_number) values (25, 'Birtle', 'Shaine', 'Darsie', 3960, 827463);
insert into claim_schema.customer_individual (id, last_name, first_name, middle_name, doc_series, doc_number) values (26, 'Berthelet', 'Lyndell', 'Pablo', 1136, 369972);
insert into claim_schema.customer_individual (id, last_name, first_name, middle_name, doc_series, doc_number) values (27, 'Heeley', 'Mady', 'Culley', 6867, 159818);
insert into claim_schema.customer_individual (id, last_name, first_name, middle_name, doc_series, doc_number) values (28, 'Ales0', 'Alyson', 'Barbie', 7201, 498978);
insert into claim_schema.customer_individual (id, last_name, first_name, middle_name, doc_series, doc_number) values (29, 'Casetti', 'Julina', 'Juliann', 7625, 898642);
insert into claim_schema.customer_individual (id, last_name, first_name, middle_name, doc_series, doc_number) values (30, 'Falk', 'Avictor', 'Rochester', 3316, 777893);


insert into claim_schema.customer_company (id, name, legal_form, inn) values (31, 'Leexo', 'OOO', 79502819280);
insert into claim_schema.customer_company (id, name, legal_form, inn) values (32, 'Katz', 'AO', 18516598750);
insert into claim_schema.customer_company (id, name, legal_form, inn) values (33, 'Jabberstorm', 'AO', 17148074153);
insert into claim_schema.customer_company (id, name, legal_form, inn) values (34, 'Thoughtblab', 'OOO', 82862921267);
insert into claim_schema.customer_company (id, name, legal_form, inn) values (35, 'Tazzy', 'OOO', 14843743723);
insert into claim_schema.customer_company (id, name, legal_form, inn) values (36, 'Voomm', 'AO', 35222862425);
insert into claim_schema.customer_company (id, name, legal_form, inn) values (37, 'Jabbersphere', 'AO', 14739537325);
insert into claim_schema.customer_company (id, name, legal_form, inn) values (38, 'Ozu', 'AO', 55322690328);
insert into claim_schema.customer_company (id, name, legal_form, inn) values (39, 'Cogidoo', 'AO', 24575790873);
insert into claim_schema.customer_company (id, name, legal_form, inn) values (40, 'Jazzy', 'OOO', 83593453135);
insert into claim_schema.customer_company (id, name, legal_form, inn) values (41, 'Buzzster', 'OOO', 74196519391);
insert into claim_schema.customer_company (id, name, legal_form, inn) values (42, 'Gigazoom', 'OOO', 80566562243);
insert into claim_schema.customer_company (id, name, legal_form, inn) values (43, 'Shufflester', 'OOO', 77861658915);
insert into claim_schema.customer_company (id, name, legal_form, inn) values (44, 'Realbuzz', 'OOO', 14161164590);
insert into claim_schema.customer_company (id, name, legal_form, inn) values (45, 'Jabberbean', 'OOO', 76800211870);
insert into claim_schema.customer_company (id, name, legal_form, inn) values (46, 'Jamia', 'AO', 82774638703);
insert into claim_schema.customer_company (id, name, legal_form, inn) values (47, 'Twitterwire', 'OOO', 32727860025);
insert into claim_schema.customer_company (id, name, legal_form, inn) values (48, 'Kaymbo', 'OOO', 84528260740);
insert into claim_schema.customer_company (id, name, legal_form, inn) values (49, 'Katz', 'OOO', 44945680946);
insert into claim_schema.customer_company (id, name, legal_form, inn) values (50, 'Fiveclub', 'OOO', 62096892572);


insert into claim_schema.claim (id, created, message, customer_id, claim_status_id, channel_id, category_id, priority_id, employee_id) values (1, '2021-07-15 15:00:05', '16rQcg4acpPFGnUtYErwfog2RVZMhJPbxM', 4, 5, 7, 3, 2, 16);
insert into claim_schema.claim (id, created, message, customer_id, claim_status_id, channel_id, category_id, priority_id, employee_id) values (2, '2022-05-31 06:19:13', '1S3cvL3wHEUhAYBpsTuiT9Xb3YCtkTf1B', 35, 8, 6, 4, 1, 18);
insert into claim_schema.claim (id, created, message, customer_id, claim_status_id, channel_id, category_id, priority_id, employee_id) values (3, '2021-11-10 13:40:00', '1G6ibBpZdJ9gJn9JTWKeDvgKqyzZrGgJ8Q', 12, 1, 1, 5, 2, 7);
insert into claim_schema.claim (id, created, message, customer_id, claim_status_id, channel_id, category_id, priority_id, employee_id) values (4, '2022-06-26 06:45:54', '1PHPdzkr6XSQjd1DwZkWh1PBt5nzXpLzcN', 10, 9, 1, 5, 1, 20);
insert into claim_schema.claim (id, created, message, customer_id, claim_status_id, channel_id, category_id, priority_id, employee_id) values (5, '2021-12-18 20:32:10', '1E423usbxptJRr9FGsz6FU94X68CtaqjSh', 36, 9, 3, 1, 2, 10);
insert into claim_schema.claim (id, created, message, customer_id, claim_status_id, channel_id, category_id, priority_id, employee_id) values (6, '2021-07-09 09:12:34', '1Bxq7Aw8EJwjMM5KQrSg1VVLXY9cLPVTHs', 8, 5, 5, 4, 3, 14);
insert into claim_schema.claim (id, created, message, customer_id, claim_status_id, channel_id, category_id, priority_id, employee_id) values (7, '2021-05-17 22:44:10', '17wYHJdK9V8d1p9VYDhpZ84PmbvhGV2Gnu', 48, 6, 8, 1, 1, 19);
insert into claim_schema.claim (id, created, message, customer_id, claim_status_id, channel_id, category_id, priority_id, employee_id) values (8, '2022-08-20 08:29:30', '1auExqPqYQMmxD8AYGQcoVNNHBkXB57yj', 25, 1, 2, 2, 3, 3);
insert into claim_schema.claim (id, created, message, customer_id, claim_status_id, channel_id, category_id, priority_id, employee_id) values (9, '2021-08-27 14:00:01', '1NSN2pWRt5PSqGFBdryez8HM75ftiuAE2x', 46, 8, 1, 4, 1, 7);
insert into claim_schema.claim (id, created, message, customer_id, claim_status_id, channel_id, category_id, priority_id, employee_id) values (10, '2021-01-10 18:56:17', '12rfWhrbNqxZQSJgRc9YnuZMKkSgPAKCxa', 6, 10, 1, 1, 2, 4);
insert into claim_schema.claim (id, created, message, customer_id, claim_status_id, channel_id, category_id, priority_id, employee_id) values (11, '2021-07-27 06:07:43', '1H1qN1W9TwjYCfaQ4Wb1Xce4jjoAbJDTqJ', 5, 7, 3, 5, 3, 12);
insert into claim_schema.claim (id, created, message, customer_id, claim_status_id, channel_id, category_id, priority_id, employee_id) values (12, '2021-03-10 05:56:02', '16YrxcjQWsLGqWzMoTa7XiomzpcJhKTMrz', 35, 12, 1, 5, 3, 9);
insert into claim_schema.claim (id, created, message, customer_id, claim_status_id, channel_id, category_id, priority_id, employee_id) values (13, '2022-02-13 03:43:12', '1Dvcbrqj87PEh26vbEkp6CwYXn43ioJwK7', 15, 3, 5, 1, 1, 1);
insert into claim_schema.claim (id, created, message, customer_id, claim_status_id, channel_id, category_id, priority_id, employee_id) values (14, '2020-12-14 12:08:25', '131dKEAaXRUx81BWi6n6HGwUivr35dbAHK', 37, 5, 4, 4, 3, 12);
insert into claim_schema.claim (id, created, message, customer_id, claim_status_id, channel_id, category_id, priority_id, employee_id) values (15, '2021-11-30 00:52:50', '16KdLRRMUGfru7SP6tFGTkCKG2rV4GAQDC', 24, 6, 7, 1, 1, 11);
insert into claim_schema.claim (id, created, message, customer_id, claim_status_id, channel_id, category_id, priority_id, employee_id) values (16, '2021-03-09 12:25:19', '1Ls9A7JJz1wNnNKvqQURQLp4thnZNupdkY', 14, 1, 7, 4, 3, 18);
insert into claim_schema.claim (id, created, message, customer_id, claim_status_id, channel_id, category_id, priority_id, employee_id) values (17, '2021-03-12 02:51:22', '1Br88HPRs3iHcqEJbPHT8MMpDbrWna7ru4', 8, 10, 7, 3, 3, 13);
insert into claim_schema.claim (id, created, message, customer_id, claim_status_id, channel_id, category_id, priority_id, employee_id) values (18, '2020-12-07 01:19:31', '1LNBUGKQdspc3dQUEe1RiFzSKRNHXGWXVy', 42, 2, 3, 3, 3, 13);
insert into claim_schema.claim (id, created, message, customer_id, claim_status_id, channel_id, category_id, priority_id, employee_id) values (19, '2020-12-08 16:27:15', '1EZVBzvnjfiUyAGjg937k4vpsEa4KYXJqh', 29, 10, 2, 2, 1, 5);
insert into claim_schema.claim (id, created, message, customer_id, claim_status_id, channel_id, category_id, priority_id, employee_id) values (20, '2021-03-28 05:55:47', '1HfY2YNrDBbVBbRUev8Y6KZ9es57n93NwV', 3, 11, 5, 4, 2, 1);
insert into claim_schema.claim (id, created, message, customer_id, claim_status_id, channel_id, category_id, priority_id, employee_id) values (21, '2021-03-20 06:52:19', '14FZzSao1jxrcMDzBYWYpYjP55vHoVEMJ3', 34, 3, 5, 5, 2, 2);
insert into claim_schema.claim (id, created, message, customer_id, claim_status_id, channel_id, category_id, priority_id, employee_id) values (22, '2021-12-30 10:19:00', '1DaNC5jyVyGr9FmhKCu64e5Vu8m9J6wXJM', 22, 8, 1, 3, 1, 3);
insert into claim_schema.claim (id, created, message, customer_id, claim_status_id, channel_id, category_id, priority_id, employee_id) values (23, '2021-03-19 11:40:45', '15QEd4Cbe8yRCZm9QxVdoFDrd9Fc5NWctD', 4, 8, 1, 5, 2, 15);
insert into claim_schema.claim (id, created, message, customer_id, claim_status_id, channel_id, category_id, priority_id, employee_id) values (24, '2021-02-08 18:14:59', '1P59cRiQnNW7oTxZYcy3PuB8SwV7ptTm2a', 28, 8, 1, 2, 1, 4);
insert into claim_schema.claim (id, created, message, customer_id, claim_status_id, channel_id, category_id, priority_id, employee_id) values (25, '2022-01-05 12:48:56', '18jjzBQgdFDkHKkfXKgdokysYoTE6Whqca', 25, 7, 7, 5, 3, 13);
insert into claim_schema.claim (id, created, message, customer_id, claim_status_id, channel_id, category_id, priority_id, employee_id) values (26, '2022-10-28 23:01:27', '1A6MvRR82fFQqAnBhGRcbkggdQ4cfqVozU', 15, 2, 4, 2, 1, 14);
insert into claim_schema.claim (id, created, message, customer_id, claim_status_id, channel_id, category_id, priority_id, employee_id) values (27, '2022-09-29 08:30:09', '15WiGpgnEpY6tx4FbjtPAe8XwQbfMCW1GW', 13, 3, 2, 1, 1, 2);
insert into claim_schema.claim (id, created, message, customer_id, claim_status_id, channel_id, category_id, priority_id, employee_id) values (28, '2022-05-03 12:34:45', '1MDQqZPZP4aegUorre8icvJtGtC2iULhUn', 32, 3, 4, 1, 1, 1);
insert into claim_schema.claim (id, created, message, customer_id, claim_status_id, channel_id, category_id, priority_id, employee_id) values (29, '2021-12-22 03:51:16', '1KRVZrdDG7qeqwHoKeuCbmE3zswVGyPWR5', 10, 11, 8, 5, 3, 15);
insert into claim_schema.claim (id, created, message, customer_id, claim_status_id, channel_id, category_id, priority_id, employee_id) values (30, '2022-07-12 02:02:12', '14AxSryFYiR9RvcxpahR6Ka6r9i2CCHke5', 39, 12, 1, 1, 1, 15);
insert into claim_schema.claim (id, created, message, customer_id, claim_status_id, channel_id, category_id, priority_id, employee_id) values (31, '2022-08-01 09:09:00', '1M5xG5wTemYv7Xh8JBaxuG41hyWs5Erww1', 38, 10, 8, 5, 1, 1);
insert into claim_schema.claim (id, created, message, customer_id, claim_status_id, channel_id, category_id, priority_id, employee_id) values (32, '2022-10-07 13:23:04', '15WFSNkT2jdi1EsHGKJkBZb77o5UmMJxKp', 22, 6, 5, 4, 3, 1);
insert into claim_schema.claim (id, created, message, customer_id, claim_status_id, channel_id, category_id, priority_id, employee_id) values (33, '2022-05-18 02:04:22', '1Mu1pyJefMYRMXRySBavTzjkwWCKpsxu38', 46, 9, 5, 4, 2, 10);
insert into claim_schema.claim (id, created, message, customer_id, claim_status_id, channel_id, category_id, priority_id, employee_id) values (34, '2022-03-03 01:58:32', '1GYkmmC38gQESmnQ6jLBNqMCHGPX1JjY1H', 18, 7, 8, 2, 3, 1);
insert into claim_schema.claim (id, created, message, customer_id, claim_status_id, channel_id, category_id, priority_id, employee_id) values (35, '2022-08-26 16:56:02', '17dhjsYfnb296XzBTwrzYDdqywWY561Jms', 49, 2, 5, 1, 1, 18);
insert into claim_schema.claim (id, created, message, customer_id, claim_status_id, channel_id, category_id, priority_id, employee_id) values (36, '2022-02-26 00:18:01', '14R1aTwcd96sFvGPdRVcCuR7wHsqSyxkF8', 39, 5, 5, 2, 2, 7);
insert into claim_schema.claim (id, created, message, customer_id, claim_status_id, channel_id, category_id, priority_id, employee_id) values (37, '2021-04-27 02:46:54', '1NtJEpVneftEj2iqcaZHdWXdJPWLvdJs6z', 29, 1, 2, 4, 1, 10);
insert into claim_schema.claim (id, created, message, customer_id, claim_status_id, channel_id, category_id, priority_id, employee_id) values (38, '2022-08-23 12:33:46', '1KhGMPqnQQjH4wAYZHTvS4HfLgKc8s3qFw', 7, 1, 5, 4, 2, 11);
insert into claim_schema.claim (id, created, message, customer_id, claim_status_id, channel_id, category_id, priority_id, employee_id) values (39, '2021-08-06 22:12:50', '1FCNpbx6qTTaPyYoGRReAMTLDxRao6uKd3', 9, 2, 8, 4, 1, 16);
insert into claim_schema.claim (id, created, message, customer_id, claim_status_id, channel_id, category_id, priority_id, employee_id) values (40, '2022-06-05 14:26:04', '1Kpdf48Dsh6jnbUuVz9woChTEAd67eGtLb', 48, 6, 1, 4, 1, 7);
insert into claim_schema.claim (id, created, message, customer_id, claim_status_id, channel_id, category_id, priority_id, employee_id) values (41, '2022-06-15 19:01:51', '1JjYJBsyNNks7sXrY516jRCQBN5r4rJZbr', 40, 5, 7, 3, 2, 6);
insert into claim_schema.claim (id, created, message, customer_id, claim_status_id, channel_id, category_id, priority_id, employee_id) values (42, '2021-02-02 01:56:31', '12z6BzpPfiMLES5sRZ9pMKyQC2eSaxuzBj', 10, 5, 4, 1, 1, 11);
insert into claim_schema.claim (id, created, message, customer_id, claim_status_id, channel_id, category_id, priority_id, employee_id) values (43, '2022-04-30 17:40:20', '12HEQo4FkyUtxDSPFP5nfWrvvJCMRnEyVB', 47, 10, 6, 2, 2, 14);
insert into claim_schema.claim (id, created, message, customer_id, claim_status_id, channel_id, category_id, priority_id, employee_id) values (44, '2022-10-24 09:07:49', '12XpnutCgkdE1Je8bNShxeRwJiE8fTbtan', 50, 7, 4, 2, 2, 7);
insert into claim_schema.claim (id, created, message, customer_id, claim_status_id, channel_id, category_id, priority_id, employee_id) values (45, '2022-03-31 16:50:36', '1D7DuMjAs4TpDXUry35L8rAQMR8XpbeBPf', 10, 8, 7, 4, 1, 15);
insert into claim_schema.claim (id, created, message, customer_id, claim_status_id, channel_id, category_id, priority_id, employee_id) values (46, '2022-01-20 03:01:43', '1Cm1f2PEiby7WUCdogKcNDv4aLJj1N9c7i', 31, 3, 7, 4, 1, 2);
insert into claim_schema.claim (id, created, message, customer_id, claim_status_id, channel_id, category_id, priority_id, employee_id) values (47, '2022-08-17 02:48:33', '1HguaNLtCNxnywGHUhDWkG4zFUEfGrNUf6', 27, 11, 6, 5, 2, 2);
insert into claim_schema.claim (id, created, message, customer_id, claim_status_id, channel_id, category_id, priority_id, employee_id) values (48, '2021-05-25 06:04:33', '1FtQFMkU1sMiTjZA6C28ZAWwgsm91EYBMW', 33, 6, 7, 4, 2, 5);
insert into claim_schema.claim (id, created, message, customer_id, claim_status_id, channel_id, category_id, priority_id, employee_id) values (49, '2021-09-15 10:40:43', '1H1FLH4qn96Gi9CZ6Mgs8A89Z5HDv3BUyd', 5, 1, 8, 4, 3, 13);
insert into claim_schema.claim (id, created, message, customer_id, claim_status_id, channel_id, category_id, priority_id, employee_id) values (50, '2022-10-09 21:23:53', '15xrPajHZPVA258HKPUj2k1YniZ7tymNo4', 32, 8, 8, 3, 2, 16);
insert into claim_schema.claim (id, created, message, customer_id, claim_status_id, channel_id, category_id, priority_id, employee_id) values (51, '2021-01-31 23:54:40', '17ZAwFff3KKA9DVEsuXMs68Lf1Te6eRXoy', 34, 11, 5, 1, 3, 13);
insert into claim_schema.claim (id, created, message, customer_id, claim_status_id, channel_id, category_id, priority_id, employee_id) values (52, '2022-07-05 18:16:09', '1EDEyVNaiEv8mr9ZMAfzEEAvo7caLC39DA', 2, 12, 6, 2, 1, 2);
insert into claim_schema.claim (id, created, message, customer_id, claim_status_id, channel_id, category_id, priority_id, employee_id) values (53, '2022-01-20 15:21:35', '1EuRrRCsPLro9bCPWtKP1jrEGTxFsoomA2', 30, 5, 5, 5, 1, 19);
insert into claim_schema.claim (id, created, message, customer_id, claim_status_id, channel_id, category_id, priority_id, employee_id) values (54, '2021-07-15 11:10:46', '1JSpFFYEDwxPTcdXpT6e8DP5mCUGCYL2v6', 42, 8, 7, 2, 1, 3);
insert into claim_schema.claim (id, created, message, customer_id, claim_status_id, channel_id, category_id, priority_id, employee_id) values (55, '2022-09-19 23:27:29', '1QDnwMQ7TTR8nxcrBXuLnwNYtBM6iFtHh5', 43, 4, 8, 3, 3, 16);
insert into claim_schema.claim (id, created, message, customer_id, claim_status_id, channel_id, category_id, priority_id, employee_id) values (56, '2021-07-18 10:54:04', '1CiThTnBw6kimkPrddmzXpLeQdqhLmycsu', 39, 10, 7, 5, 1, 2);
insert into claim_schema.claim (id, created, message, customer_id, claim_status_id, channel_id, category_id, priority_id, employee_id) values (57, '2022-10-15 19:25:15', '15ZCyzzk11y1Nit5hXoNhdscMoB3MStNeE', 37, 8, 6, 5, 3, 1);
insert into claim_schema.claim (id, created, message, customer_id, claim_status_id, channel_id, category_id, priority_id, employee_id) values (58, '2021-07-05 11:24:20', '16qJKANaH1kg8yWbhgWtnJAbjiYZ1AqTbt', 31, 10, 7, 4, 1, 1);
insert into claim_schema.claim (id, created, message, customer_id, claim_status_id, channel_id, category_id, priority_id, employee_id) values (59, '2022-01-23 00:38:54', '15gFe6TP8kgtF9gDRFtag62kTem7Z1sr63', 48, 9, 3, 1, 2, 1);
insert into claim_schema.claim (id, created, message, customer_id, claim_status_id, channel_id, category_id, priority_id, employee_id) values (60, '2022-04-16 18:08:44', '16w4gj9DJVQH4qWxoK8AH5w41SFC6RRWnw', 18, 6, 4, 3, 3, 8);
insert into claim_schema.claim (id, created, message, customer_id, claim_status_id, channel_id, category_id, priority_id, employee_id) values (61, '2022-01-10 23:45:01', '1GwWdHQs6jHSDpyb7ccCvnavx1L7xmtuqU', 24, 5, 5, 5, 3, 19);
insert into claim_schema.claim (id, created, message, customer_id, claim_status_id, channel_id, category_id, priority_id, employee_id) values (62, '2022-01-16 02:59:00', '1B1V8H3iwBChCyJQ5aVGtv9V8woBLV6LDy', 47, 2, 7, 4, 2, 18);
insert into claim_schema.claim (id, created, message, customer_id, claim_status_id, channel_id, category_id, priority_id, employee_id) values (63, '2022-09-27 18:12:57', '1CtFsiB8yuWrgskdKDLbsYTESqXzBW34n2', 34, 9, 2, 3, 1, 8);
insert into claim_schema.claim (id, created, message, customer_id, claim_status_id, channel_id, category_id, priority_id, employee_id) values (64, '2020-12-19 12:51:12', '1F84iQFBjLMpQ81PJcbze2U88zyWqgdBjG', 5, 3, 5, 5, 3, 16);
insert into claim_schema.claim (id, created, message, customer_id, claim_status_id, channel_id, category_id, priority_id, employee_id) values (65, '2022-01-31 06:29:49', '1CnhfdxyRLwUxBXyj1d2VjwcL4sJGn7uia', 32, 4, 5, 2, 1, 20);
insert into claim_schema.claim (id, created, message, customer_id, claim_status_id, channel_id, category_id, priority_id, employee_id) values (66, '2022-01-08 19:26:55', '15uSd5Lo7oyWNxJHtXR86q62PNHmU7mihu', 22, 9, 1, 3, 2, 15);
insert into claim_schema.claim (id, created, message, customer_id, claim_status_id, channel_id, category_id, priority_id, employee_id) values (67, '2021-09-02 15:44:54', '1mcmdQoW2THVfqPq8DNNPXXHa9qZiyoL5', 3, 11, 4, 3, 1, 15);
insert into claim_schema.claim (id, created, message, customer_id, claim_status_id, channel_id, category_id, priority_id, employee_id) values (68, '2022-10-31 08:06:21', '1H2x73WjExQ3Xmh6JA3JVFgHSYgXumvBJN', 30, 3, 1, 3, 2, 18);
insert into claim_schema.claim (id, created, message, customer_id, claim_status_id, channel_id, category_id, priority_id, employee_id) values (69, '2021-11-03 11:58:16', '1CdeGg8ZMAM72D4CwFBzvavUhaMw8apUTA', 36, 9, 4, 5, 2, 2);
insert into claim_schema.claim (id, created, message, customer_id, claim_status_id, channel_id, category_id, priority_id, employee_id) values (70, '2021-06-02 04:08:04', '14n1YeyDERGN4D36Lv7eM4xMn2Z7JqMYkb', 46, 8, 4, 2, 2, 3);
insert into claim_schema.claim (id, created, message, customer_id, claim_status_id, channel_id, category_id, priority_id, employee_id) values (71, '2021-01-01 15:00:26', '18j435oQFDqXZfPqLBoiqchtFEjFwYMbQ7', 26, 4, 3, 2, 1, 6);
insert into claim_schema.claim (id, created, message, customer_id, claim_status_id, channel_id, category_id, priority_id, employee_id) values (72, '2022-07-01 18:26:54', '1AeQrUnSRYSXw2ZS252aw6hiULFZgQrQpf', 8, 7, 7, 3, 3, 8);
insert into claim_schema.claim (id, created, message, customer_id, claim_status_id, channel_id, category_id, priority_id, employee_id) values (73, '2022-09-29 08:00:29', '1NjwJW5X9qSknh5vf3oQzKouYSJv3Gytgr', 32, 8, 1, 1, 3, 20);
insert into claim_schema.claim (id, created, message, customer_id, claim_status_id, channel_id, category_id, priority_id, employee_id) values (74, '2022-08-01 21:08:50', '1HmVWGnvm1SAvFizsPLcxuaWWRnviaemwW', 16, 4, 1, 2, 2, 4);
insert into claim_schema.claim (id, created, message, customer_id, claim_status_id, channel_id, category_id, priority_id, employee_id) values (75, '2021-02-20 12:52:41', '13njS6eehr5LcrVVcfJrQRBRNGoQ3BkBAW', 19, 9, 2, 3, 2, 20);
insert into claim_schema.claim (id, created, message, customer_id, claim_status_id, channel_id, category_id, priority_id, employee_id) values (76, '2021-04-01 23:15:02', '1GDEf3jDd9YytQZDw2gCg8tnwRDnEhrQhH', 17, 5, 2, 4, 3, 10);
insert into claim_schema.claim (id, created, message, customer_id, claim_status_id, channel_id, category_id, priority_id, employee_id) values (77, '2022-01-03 14:32:05', '14Xya7R4NuoRSMtZM6V9rVc7RGK3woKvtZ', 3, 4, 6, 5, 2, 12);
insert into claim_schema.claim (id, created, message, customer_id, claim_status_id, channel_id, category_id, priority_id, employee_id) values (78, '2021-07-19 01:05:43', '14Uko84C6u6eFG3LEjxwF8YbCSZDh4rPJV', 4, 9, 5, 1, 3, 8);
insert into claim_schema.claim (id, created, message, customer_id, claim_status_id, channel_id, category_id, priority_id, employee_id) values (79, '2022-08-08 20:47:32', '1Ea19ujyCaueYsuDNHtjYkLZqYWFucgYzq', 22, 2, 1, 2, 3, 14);
insert into claim_schema.claim (id, created, message, customer_id, claim_status_id, channel_id, category_id, priority_id, employee_id) values (80, '2022-11-14 06:33:27', '1BiwXELf2ybLNswRssKgXBmxycSNUgz7Ze', 22, 7, 6, 5, 3, 11);



insert into claim_schema.csi (id, message, claim_id, controller_id) values (1, '12sgPi3T2PjwjYmpjC8oCUQ4ViJQmBpN2N', 41, 5);
insert into claim_schema.csi (id, message, claim_id, controller_id) values (2, '1AgWBtFuvhNbCQud9f5ufaGbaLitV9N2vN', 25, 7);
insert into claim_schema.csi (id, message, claim_id, controller_id) values (3, '1K6rbs2E9d5d784yrtEAs7oQp1aAoAzXpu', 50, 8);
insert into claim_schema.csi (id, message, claim_id, controller_id) values (4, '1BnfFHmB4vBdYU4QFHE3pwQbHoukHPU9Gv', 22, 11);
insert into claim_schema.csi (id, message, claim_id, controller_id) values (5, '1D6QS7Ydu9JQPixnU3FTuva5MJ3ieeH7qE', 70, 12);
insert into claim_schema.csi (id, message, claim_id, controller_id) values (6, '1D2CCf8NXfYjah39eYb56tJ59qXMERWTg6', 27, 19);
insert into claim_schema.csi (id, message, claim_id, controller_id) values (7, '1APs2P9DiF1bYnMHpPkZ7g6izmcpfb9cr3', 59, 5);
insert into claim_schema.csi (id, message, claim_id, controller_id) values (8, '13QR2g8grP75QCTMFy5VDX2nWE7PqiVydg', 59, 7);
insert into claim_schema.csi (id, message, claim_id, controller_id) values (9, '16yMTyLSXUnAcvrGWuLPsrN57f9ruAqdnF', 2, 8);
insert into claim_schema.csi (id, message, claim_id, controller_id) values (10, '19Fw3uNtUjWE17BVKQCssmbeeKH5t7QEhZ', 66, 11);
insert into claim_schema.csi (id, message, claim_id, controller_id) values (11, '14FfTNedfBBExzuJovrtcSCaw2MCnV2fTS', 10, 12);
insert into claim_schema.csi (id, message, claim_id, controller_id) values (12, '17jkAt6eVBQvxtdGCgh9cBR6vb6MbD9ZJS', 44, 19);
insert into claim_schema.csi (id, message, claim_id, controller_id) values (13, '1BEZUkcayBg1nGFCEgJdpksGuZAAinwzb1', 38, 5);
insert into claim_schema.csi (id, message, claim_id, controller_id) values (14, '1PBVrcEi41FEKfpjNxuuztqAAdFNjt17gi', 53, 7);
insert into claim_schema.csi (id, message, claim_id, controller_id) values (15, '1H4r3kkzLsZHdL7XV9b5xtVDUGWEERK4Ae', 60, 8);
insert into claim_schema.csi (id, message, claim_id, controller_id) values (16, '1F5pZZdEZv9qeSCCjVhLJUZehBzmtoLwc3', 21, 11);
insert into claim_schema.csi (id, message, claim_id, controller_id) values (17, '1LBj1PAsBBpbj53D4pK3xN7M2DTWsfcVRh', 71, 12);
insert into claim_schema.csi (id, message, claim_id, controller_id) values (18, '1Kw9isa38w5yA5sLKpvh3J5bYnJQSaoarG', 53, 19);
insert into claim_schema.csi (id, message, claim_id, controller_id) values (19, '1KMyzacgpHi2YK8ENne8mGWrc49UqDBT6J', 60, 5);
insert into claim_schema.csi (id, message, claim_id, controller_id) values (20, '15s56ySpPuGmYuMHY9TJsREjE6UH3QgNcG', 17, 7);
insert into claim_schema.csi (id, message, claim_id, controller_id) values (21, '1BvgvLYQb2k4RGhKar5AY6ZAxPxVNMNV8q', 27, 8);
insert into claim_schema.csi (id, message, claim_id, controller_id) values (22, '17FWUFhBEMjmr27Qd6kobHb3JMUc1vYTzp', 71, 11);
insert into claim_schema.csi (id, message, claim_id, controller_id) values (23, '1HzT831S92xXkqy4MdpocbhyGc9b3wGYuc', 38, 12);
insert into claim_schema.csi (id, message, claim_id, controller_id) values (24, '1MgMqRygpBTfA3ErWp1vRtSJ67FdFvpxaZ', 51, 19);
insert into claim_schema.csi (id, message, claim_id, controller_id) values (25, '1KJKKoACSPgDSTU5tYwpFZbC3LuVgN8dk8', 57, 5);
insert into claim_schema.csi (id, message, claim_id, controller_id) values (26, '1LWD3fCMyLoomUEnBkNjTRUnChRpgpWRge', 43, 7);
insert into claim_schema.csi (id, message, claim_id, controller_id) values (27, '1mJ5idnE1uyiVgy4ZFjoX4LXKwBtNMqi3', 26, 8);
insert into claim_schema.csi (id, message, claim_id, controller_id) values (28, '1Eqbdpubj9zbAhZKkfbsy4zsSJFMGBstnj', 64, 11);
insert into claim_schema.csi (id, message, claim_id, controller_id) values (29, '1SwrpKPpiPGtykz5B1kKqYFw5uNtk7yVS', 64, 12);
insert into claim_schema.csi (id, message, claim_id, controller_id) values (30, '1GSywYaC6BrziQYQJb9EPiJuKm4ju7sqr2', 53, 19);
insert into claim_schema.csi (id, message, claim_id, controller_id) values (31, '1JwoqHQpKqXuoi4frJysfZe8u6YNfwiPYU', 25, 5);
insert into claim_schema.csi (id, message, claim_id, controller_id) values (32, '1KTnM6FSWkDLGsHEqsyQQRZdx8T1CiHkSS', 14, 7);
insert into claim_schema.csi (id, message, claim_id, controller_id) values (33, '1HJKwoFE7R9p9EgfzyKbMixJwN7V6LhJv2', 54, 8);
insert into claim_schema.csi (id, message, claim_id, controller_id) values (34, '1CmpLhZ6ryRcHREgvTFivZQBmsJ2LyLcgG', 64, 11);
insert into claim_schema.csi (id, message, claim_id, controller_id) values (35, '14RVUpCZMXRugQJKjSNinCQgLhEyp5N49i', 1, 12);
insert into claim_schema.csi (id, message, claim_id, controller_id) values (36, '1FGVmiB5bzdkukiTpHq6niuJ8NtR5vLJWT', 55, 19);
insert into claim_schema.csi (id, message, claim_id, controller_id) values (37, '15iGVrZ9mLuFWSFbbdUvCqC9BihBGzDcdc', 80, 5);
insert into claim_schema.csi (id, message, claim_id, controller_id) values (38, '1Da3y8cRmFxUGcMYX31p8ng35eneskH1p8', 56, 7);
insert into claim_schema.csi (id, message, claim_id, controller_id) values (39, '1KtJaM4kBymMZTye2sYaMKtfgToimD9o5N', 63, 8);
insert into claim_schema.csi (id, message, claim_id, controller_id) values (40, '1K3MPoea4AE2BVK3dBz9bFu7wjc49G6yWP', 7, 11);
insert into claim_schema.csi (id, message, claim_id, controller_id) values (41, '1KsTXC1f9UCj6JJSChhUpyq2hGkDuKwJJn', 21, 12);
insert into claim_schema.csi (id, message, claim_id, controller_id) values (42, '1XFwUEPkLCJdUDnAYhazvPBp8Y71jLw83', 36, 19);
insert into claim_schema.csi (id, message, claim_id, controller_id) values (43, '1FCX3bSnmrSi6danPsGJsTZbyeBKj4bKjj', 28, 5);
insert into claim_schema.csi (id, message, claim_id, controller_id) values (44, '1PZKaPZR5YL7cKbnyKUd5WuL6vtxyziZR2', 38, 7);
insert into claim_schema.csi (id, message, claim_id, controller_id) values (45, '1HRsTG6QF9AcUWdWSczjNHskqP7beuA5tn', 15, 8);
insert into claim_schema.csi (id, message, claim_id, controller_id) values (46, '14d4NLMJuokmu6atRLtRk3JBBWAVe2AcX1', 9, 11);
insert into claim_schema.csi (id, message, claim_id, controller_id) values (47, '15eKKkvybWMY5BTMKLbdr1Da5i7yTUKPhe', 31, 12);
insert into claim_schema.csi (id, message, claim_id, controller_id) values (48, '1E8CxrZxiFRD61MqLMpyuJe8P1kKGz1Tef', 73, 19);
insert into claim_schema.csi (id, message, claim_id, controller_id) values (49, '1HsDWN38WArxw791c8Sssve5JFsQH3GBtN', 49, 5);
insert into claim_schema.csi (id, message, claim_id, controller_id) values (50, '1C569CrUWTAsXyinkUntY1BER6bRHqYe4s', 42, 7);
insert into claim_schema.csi (id, message, claim_id, controller_id) values (51, '1PJ3YUFLQ8JyJUq58pvE2QVs7ETiAeo2tx', 74, 8);
insert into claim_schema.csi (id, message, claim_id, controller_id) values (52, '1FuowUA7U1TQa5fpFZ2E2Sts4vCJS36fNV', 33, 11);
insert into claim_schema.csi (id, message, claim_id, controller_id) values (53, '1PeFgVxHS8EtetVEDwJAh4maZs9JNbpHUi', 65, 12);
insert into claim_schema.csi (id, message, claim_id, controller_id) values (54, '199i16q8NHNKdRkN1x4GdusEBs8219Prfe', 66, 19);
insert into claim_schema.csi (id, message, claim_id, controller_id) values (55, '167tjgt5jPeXudGSGsvAXRSvm94eJq5QRe', 10, 5);




insert into claim_schema.reason (id, message, claim_id) values (1, '1KLBhxNca6L8BNTp2ce7cJkju3bsTzw8qR', 80);
insert into claim_schema.reason (id, message, claim_id) values (2, '1LGy6YtQFiuq54vvmLGRK2JX3BNuFSpB53', 49);
insert into claim_schema.reason (id, message, claim_id) values (3, '1HYojqeafgKD443RxDZs5F4DJ4oeAbSB9L', 74);
insert into claim_schema.reason (id, message, claim_id) values (4, '1PbSDWE47CXKW33fvssi3L4QggvU1WofT7', 22);
insert into claim_schema.reason (id, message, claim_id) values (5, '13DZ94gwWfyPmQGy921SgEaYqmzD9dimyo', 23);
insert into claim_schema.reason (id, message, claim_id) values (6, '1Cft9jN4dj8UCvQ3e9hzstdukoYwsUgdXi', 56);
insert into claim_schema.reason (id, message, claim_id) values (7, '1Q6PzG5miUMWPWotZ2TEMqskfuFL5nUjrG', 5);
insert into claim_schema.reason (id, message, claim_id) values (8, '14wLunxG2tsQxXM7r5AFCJQgoY367mfYYq', 19);
insert into claim_schema.reason (id, message, claim_id) values (9, '1Q2CPaiLPdtRLGAq3B7tDLYfrKBgKdQPKB', 33);
insert into claim_schema.reason (id, message, claim_id) values (10, '1LnDS7pGWPxekL2knF1ozFA9kv4o9GAiJG', 17);
insert into claim_schema.reason (id, message, claim_id) values (11, '1DfczY8g3Ht3PMDxg5wfd5RE1tKEnKzjwG', 4);
insert into claim_schema.reason (id, message, claim_id) values (12, '1CSy7Cp4AJ4B91FmJ6iCvRzya3LKWx7d1F', 74);
insert into claim_schema.reason (id, message, claim_id) values (13, '1HXGmEZM78Uhj8CAcZvNqBjb1gcv8CJafY', 76);
insert into claim_schema.reason (id, message, claim_id) values (14, '1ACGfE8PUKZ5U4n9bugSPAhm9kSx2wLsbS', 30);
insert into claim_schema.reason (id, message, claim_id) values (15, '1Cp1Z1hNfceGMzP6jt9DcJrRgaoPdpttxn', 19);
insert into claim_schema.reason (id, message, claim_id) values (16, '1DyaPe2kZd33KmESiaKxGFcRGdYH87W7sc', 52);
insert into claim_schema.reason (id, message, claim_id) values (17, '17NqEpoXuhcVWuD47bNeUjcNEWsqfaWaqE', 34);
insert into claim_schema.reason (id, message, claim_id) values (18, '13Egob2EGTHLaCH53KN3mfkHwyNG5uDP3q', 64);
insert into claim_schema.reason (id, message, claim_id) values (19, '1E8FR7ZYqGJD5WhkQgMr8hosU5rXwo7XvH', 70);
insert into claim_schema.reason (id, message, claim_id) values (20, '1PnnEi6JYG8Fp4CUcLq6HNYBfVH5PGvazR', 78);


insert into claim_schema.result_committee (id, amount, committee, claim_id) values (1, 87767.38, '15xCzf8JjmiC5HS5VohPkAfYdW6UwkwrUB', 42);
insert into claim_schema.result_committee (id, amount, committee, claim_id) values (2, 34775.77, '17tMsWfXbpEJQSPM9zfSqwgXPrnUcGUpKj', 9);
insert into claim_schema.result_committee (id, amount, committee, claim_id) values (3, 12977.80, '17X7ZBHSaHr1r1eGpjT3UH4hYY9Hsz7n4r', 8);
insert into claim_schema.result_committee (id, amount, committee, claim_id) values (4, 55547.51, '19YRSPNkj7VujfXNfrRbod59o3PUBaEeiR', 49);
insert into claim_schema.result_committee (id, amount, committee, claim_id) values (5, 54336.51, '19ZwyXWgBeuGqDQtn451cLXayojaQka8ti', 55);
insert into claim_schema.result_committee (id, amount, committee, claim_id) values (6, 859.76, '1BSXZGib8M6tAqwKrjWBeJJDFfoudJXSAs', 9);
insert into claim_schema.result_committee (id, amount, committee, claim_id) values (7, 736.29, '1Fhk7bbvg7CyiwhgPSe29BXDAZtxLvMzYj', 10);
insert into claim_schema.result_committee (id, amount, committee, claim_id) values (8, 45962.79, '1G8XwqczTVunJuxu7kwGCzLEf62BWLrbXA', 18);
insert into claim_schema.result_committee (id, amount, committee, claim_id) values (9, 43401.35, '1GfP7UKmTgg8FXhZ2CyrB2wF3WNNwPgtwt', 73);
insert into claim_schema.result_committee (id, amount, committee, claim_id) values (10, 3392.80, '16afcAG9Wt3S2JbxZ2YPWT4ins6GtyALYm', 25);


insert into claim_schema.mail (id, type, address, message, claim_id) values (1, 'входящее письмо', '9823 Vahlen Way', '1LEM7Bwa5DaLWGXkK4Jm8T8ojSqQC5ZASj', 67);
insert into claim_schema.mail (id, type, address, message, claim_id) values (2, 'ответ на обращение (исходящее)', '1429 Crowley Street', '1HttpTW1NzBW17Z7xM5NhC4vPBuE6Y9USd', 30);
insert into claim_schema.mail (id, type, address, message, claim_id) values (3, 'входящее письмо', '21 Bellgrove Plaza', '14hE4gFjBWmaebm8X9dTPFMfAbWWKxim4b', 25);
insert into claim_schema.mail (id, type, address, message, claim_id) values (4, 'ответ на обращение (исходящее)', '5 Norway Maple Park', '1KvnpHA8BVfZCNASAcmh6hMzx8uRkT5Dk7', 58);
insert into claim_schema.mail (id, type, address, message, claim_id) values (5, 'входящее письмо', '940 Towne Drive', '1CX2ehTJuDN58LBvGbYTPPMxR7USq8orEe', 30);
insert into claim_schema.mail (id, type, address, message, claim_id) values (6, 'ответ на обращение (исходящее)', '86229 Mallard Center', '1LX14gLc37kfgMggE4AjR3QYUCwDQ3oqDP', 4);
insert into claim_schema.mail (id, type, address, message, claim_id) values (7, 'входящее письмо', '3 Forest Dale Crossing', '15eb5moJoS48TYMc5X1s1WjKVFebohqh8i', 13);
insert into claim_schema.mail (id, type, address, message, claim_id) values (8, 'ответ на обращение (исходящее)', '020 Linden Place', '1mYLCJdd4zm3bx1qFwcG2GuG5XyR5UMCc', 42);
insert into claim_schema.mail (id, type, address, message, claim_id) values (9, 'входящее письмо', '6963 Badeau Place', '1LLDc5fNMKbBL4cWuS2b22uLKG9VTGb1os', 39);
insert into claim_schema.mail (id, type, address, message, claim_id) values (10, 'ответ на обращение (исходящее)', '556 Gulseth Circle', '1DzVNQqsvZfjC4Ptxhp3W2SQmVcse639xS', 17);
insert into claim_schema.mail (id, type, address, message, claim_id) values (11, 'входящее письмо', '25 Prairieview Terrace', '1FtL1woAEJPQHjzM59S8dDYGZ3ZrNFJ7Jn', 45);
insert into claim_schema.mail (id, type, address, message, claim_id) values (12, 'ответ на обращение (исходящее)', '7267 Bashford Crossing', '18qk5w2FdFJrsEmN6nCz1HRLcb53RzgBWt', 23);



insert into claim_schema.mail (id, type, address, message, claim_id) values (13, 'входящее письмо', '67627 Crescent Oaks Terrace', '18qkMfcD7t53jiZC4Dfkg54YJvNJ1jis4Y', 80);
insert into claim_schema.mail (id, type, address, message, claim_id) values (14, 'ответ на обращение (исходящее)', '7425 Continental Avenue', '1J9LFigXoNC42sZ2bLcmqQZsgZDSF7YR4a', 29);
insert into claim_schema.mail (id, type, address, message, claim_id) values (15, 'входящее письмо', '9737 Montana Way', '1NLYTcTt8X4gDVMiznRKUDZydo8D3iFcEg', 4);
insert into claim_schema.mail (id, type, address, message, claim_id) values (16, 'ответ на обращение (исходящее)', '0 Warner Circle', '1PtNwbAuWExXHbdJFFzWNv6DcAdhvbxhmD', 42);
insert into claim_schema.mail (id, type, address, message, claim_id) values (17, 'входящее письмо', '827 Kingsford Junction', '1EHHUSbR3PhVGYNX9CaqfRL84qPegfM3Qt', 77);
insert into claim_schema.mail (id, type, address, message, claim_id) values (18, 'ответ на обращение (исходящее)', '739 Mesta Crossing', '1EHLZLXmNZmk1y3k7AWeHwZu9G518F5zTb', 33);
insert into claim_schema.mail (id, type, address, message, claim_id) values (19, 'входящее письмо', '0 Stone Corner Pass', '186hkzYFdGmEFp5LnXMGukykpe12pcFvRG', 16);
insert into claim_schema.mail (id, type, address, message, claim_id) values (20, 'ответ на обращение (исходящее)', '31142 Esker Crossing', '17LywP1Pvo3gq6NTtaWdZt97TjR24aKuHQ', 72);
insert into claim_schema.mail (id, type, address, message, claim_id) values (21, 'входящее письмо', '8456 Nevada Terrace', '1MhoSznxbZoiECaZRNBREndF1NEvkubmPy', 50);
insert into claim_schema.mail (id, type, address, message, claim_id) values (22, 'ответ на обращение (исходящее)', '7 Farragut Alley', '1EAa1NAWi55rG9bUo7NtXFB7jGe1H7SkLJ', 48);
insert into claim_schema.mail (id, type, address, message, claim_id) values (23, 'входящее письмо', '074 Sunnyside Drive', '18W6p2N8dy38rAt78SwbdVRswqTpzuMsHB', 27);
insert into claim_schema.mail (id, type, address, message, claim_id) values (24, 'ответ на обращение (исходящее)', '08138 Dryden Alley', '14eeKSJ1STnH9t2Aq2mScpi1KQH1DerNXz', 31);
insert into claim_schema.mail (id, type, address, message, claim_id) values (25, 'входящее письмо', '1310 Mockingbird Point', '1AwYFBqx5RxRsh2hmfDcSU1u8DSGUXQdgm', 77);



insert into claim_schema.sd_req_res (id, request_message, response_message, inchedent_num, status, employee_id) values (1, '12DTGTW6C7166o4wKbqMVMMjHQnBqsQjBn', '16CXAHbdLkA9XLzo3bwd4JX6hLCLRj7cEu', 55, 'Инцидент принят в работу', 2);
insert into claim_schema.sd_req_res (id, request_message, response_message, inchedent_num, status, employee_id) values (2, '12aMQSwZnKao268j4hxCsS1CynZT2Pp99o', '1KpXHsNhjFe4SJVBn79CSivafcMgkahar3', 115, 'инцидент решен', 10);
insert into claim_schema.sd_req_res (id, request_message, response_message, inchedent_num, status, employee_id) values (3, '1MaPH4hSGth1RWet2ArLzknaRcsTqpqjYA', '1LeqGbJHZ8kfz1SP6UcK3v6bf49UX5UMTd', 18, 'инцидент отменен', 5);
insert into claim_schema.sd_req_res (id, request_message, response_message, inchedent_num, status, employee_id) values (4, '15wJHfWk2tJhRv9V9Te6LxAvhaavaHkbkj', '1K5GoSS8hvLZWzVYznNae7wH5VqtoNamus', 91, 'Инцидент принят в работу', 13);
insert into claim_schema.sd_req_res (id, request_message, response_message, inchedent_num, status, employee_id) values (5, '1BVhJ6ykemTLMr9fhywZxbHWMephNQinpu', '1KsK41pju9RoFNW7WfJcvhxuD9uK46nJH4', 143, 'инцидент решен', 19);
insert into claim_schema.sd_req_res (id, request_message, response_message, inchedent_num, status, employee_id) values (6, '1Pk3rD32PukzRkJQ1wpQz2oZcAZdjbqFji', '12K7vmP2KVZK3B16SUYALM6Sk9t4xBvXLW', 3, 'инцидент отменен', 12);
insert into claim_schema.sd_req_res (id, request_message, response_message, inchedent_num, status, employee_id) values (7, '17H7t8k12csiPHCGRLLpTRn9KwS2dTXTXr', '1LtaXW3fkUy13JiFohaZtCZvQEY7qjER7Y', 16, 'Инцидент принят в работу', 13);
insert into claim_schema.sd_req_res (id, request_message, response_message, inchedent_num, status, employee_id) values (8, '1EsZfL1dCZ5pKGgvEs7uesmtigwGYqMunb', '1LS3VQmfJGxYrjhBnHfGXcfeRCkGvyBiQd', 150, 'инцидент решен', 18);
insert into claim_schema.sd_req_res (id, request_message, response_message, inchedent_num, status, employee_id) values (9, '1PpK7u5o5hcvSuos822oi5M281sDqfyXvD', '1FT2x5r8gySKa5sx75vrPGYLHvA6LWtTmQ', 136, 'инцидент отменен', 5);
insert into claim_schema.sd_req_res (id, request_message, response_message, inchedent_num, status, employee_id) values (10, '18eafLhbmr3QhMY5228P8WkR6VnkAV7vxV', '1NkzuyzbCM77FEWX9NYTLbyrm1tuGhLSNy', 47, 'Инцидент принят в работу', 6);


insert into claim_schema.mail_req_res (id, request_message, response_message, employee_id) values (1, '15pDfL9mfhzwdcSEGxK33KRfNCddYgHTrZ', '13HNZcL1Rjg5XnRJRxak5E7e9ySGB2f3Se', 14);
insert into claim_schema.mail_req_res (id, request_message, response_message, employee_id) values (2, '13kCYfoYHSd52BvQ2iZno7HsRFvFbqLdVG', '1EjaSMvmuwKJAg5o81627UZPUif1N49KrN', 11);
insert into claim_schema.mail_req_res (id, request_message, response_message, employee_id) values (3, '1AUdrZJGjHmZLuJBtom2xpjvid3wSdHMcU', '13fnNC7AsN6btqv4YKpriTdSk454bJkE3b', 9);
insert into claim_schema.mail_req_res (id, request_message, response_message, employee_id) values (4, '12xfvjvsvfUSfgcU7TUYgtEGF3VAqyuL3B', '1EVwhWvLMjPa7yGqZPX3YvMQKyhDBzMYse', 20);
insert into claim_schema.mail_req_res (id, request_message, response_message, employee_id) values (5, '1HuHUUEip71jqc2pL7CMSNnhnNfEML1Ntj', '1QDg47okKVZ3VHG3PjFsgpof3rVUWyG5yJ', 6);
insert into claim_schema.mail_req_res (id, request_message, response_message, employee_id) values (6, '1MPWmnSku5PcA8B8ujPf4mWJ2gV9egiSA1', '15s5TRY7wkwbmT1af2ubPiYZLtFJRqBynN', 4);
insert into claim_schema.mail_req_res (id, request_message, response_message, employee_id) values (7, '1FFiS4shG4JXy4iousNpMPwHsVm7C8xDWE', '1GWmfQYA4kiCiAZk3TUXvbqa1cuxxtth6X', 5);
insert into claim_schema.mail_req_res (id, request_message, response_message, employee_id) values (8, '13Wty6TWqFTrPeRYga7VDK15CcThWqw1PY', '18s6YQGvMKsjXaAqxfbo7RRMskw8V3LgXn', 10);
insert into claim_schema.mail_req_res (id, request_message, response_message, employee_id) values (9, '1LU5Py3GLHugCsPR4siQ9rJ8Sxjzzi9y37', '1H3VkMLU1keSDmfRnjwL7xqUiHbEqQhS3j', 3);
insert into claim_schema.mail_req_res (id, request_message, response_message, employee_id) values (10, '1HJSF39n7oM7zFVf9ppBT2WiMs7XkgF9dD', '19ECeAeubaL94hSZmXc7ypDkCsnJabz6iq', 15);
insert into claim_schema.mail_req_res (id, request_message, response_message, employee_id) values (11, '147bnW3FWWk9QpvWzbNWkpjhuyCNoCnCjV', '1J77RLnL3AtRiZDbuEkn1GJ2D7FH9FsZoY', 11);
insert into claim_schema.mail_req_res (id, request_message, response_message, employee_id) values (12, '1ED9RkSctn5TCGEW2kdAm3sriu5j8Csxto', '1B9a57suvCdayo1uLorL44HQJ4KPHhfKgN', 12);
insert into claim_schema.mail_req_res (id, request_message, response_message, employee_id) values (13, '1CZHLxN9gxhTTQ6DRpR17WH9Xs6FuY4vzS', '14G3nvHS2hMyhuM8YZvEMWFkpy2uQ2Eby8', 20);
insert into claim_schema.mail_req_res (id, request_message, response_message, employee_id) values (14, '1C7xvs654FdtDmfGgRTM87S7rtSazLiZE6', '1BKhShK6SnDSf7y7R2ZSA7CKoZsP3H5GfS', 13);
insert into claim_schema.mail_req_res (id, request_message, response_message, employee_id) values (15, '13ALZgAaBwt9E26Bey3L9zomXAeNMPz4Ki', '15uJ6DcXqbgcW8xRs1fjzceweMtNqyd6cp', 15);
insert into claim_schema.mail_req_res (id, request_message, response_message, employee_id) values (16, '1FbwiCjc6wShFCHBNYYMEtZyTHvoqqJQK2', '14ej1ZPZ3wrMda68BNqz1Sps1h6KTqLQC2', 5);
insert into claim_schema.mail_req_res (id, request_message, response_message, employee_id) values (17, '1GiK6zvjXHxsLbreAS32ULQAzhEbcGjr8r', '1NLPaPndBkBiP7qk4i81UcmEiezvSYNPWt', 19);
insert into claim_schema.mail_req_res (id, request_message, response_message, employee_id) values (18, '1A6XQvGbF8CpCDTq8RKs6GsYAjJNDS8qZZ', '1Q6i1YjfWxyRSosj8mVZjBNZtaceQCTrHs', 9);
insert into claim_schema.mail_req_res (id, request_message, response_message, employee_id) values (19, '1LvkoD9r98ZtuJkKb1ALSBdk1GjaCs6gSP', '1B7Z3hRG5pivqDYGy1xhGLRnjTaCozCqpX', 5);
insert into claim_schema.mail_req_res (id, request_message, response_message, employee_id) values (20, '167gLUmunG2L3Kow3YTT7K6vderWCoypzF', '18tcJQYStEKwZEn6e3yhLXJNgCo31RN2Jx', 16);
insert into claim_schema.mail_req_res (id, request_message, response_message, employee_id) values (21, '1B814sQiC5JdERUUNY9bfKoNrNHvDj65J', '1AHFFrTeD1m4c1wcfoUZucwijFskxPPyTw', 8);
insert into claim_schema.mail_req_res (id, request_message, response_message, employee_id) values (22, '183pux1oj4w616Nu4xGzxXBAQPGCAbrj4o', '1NPyrdRLMQYyVMDMck3CVedgjdEYiPvo1q', 12);
insert into claim_schema.mail_req_res (id, request_message, response_message, employee_id) values (23, '195Y3XRmSocf3bE7PjTt5aSuBN1dNAPJa7', '1DcQUkGesF6wRnMUFtUotzRmaNWo9o2soe', 5);
insert into claim_schema.mail_req_res (id, request_message, response_message, employee_id) values (24, '1K1zbMGDzLojuEz3FqyRmM9hmPNdb5YJJD', '1DiLtA1r1p8UJWJLnfBSPC4baBs4G4cFX7', 17);
insert into claim_schema.mail_req_res (id, request_message, response_message, employee_id) values (25, '1QAcchPZA2pWSVcMJ25FMoSmZbxuoqtZk6', '1MfHD7kXGDokKajdFU6eEN11Z858sL5XPD', 1);
insert into claim_schema.mail_req_res (id, request_message, response_message, employee_id) values (26, '1AE2niSHf2vU9xy2vzbFRdUvU7xjJwTRs5', '1Pjt33twm84LkYjPeu8ZhiFoS2dm1m6Kfd', 11);
insert into claim_schema.mail_req_res (id, request_message, response_message, employee_id) values (27, '19YEnpbAQgMDWxCZMoNqVPnPbHPKDQRC6', '1KQCpYTQKQgi291H5PmR75CHBpxHpHnETM', 8);
insert into claim_schema.mail_req_res (id, request_message, response_message, employee_id) values (28, '1PrUkQkiVti23muSJAiHLax9LW5BAXHqKG', '13ai1xFtktBJNoWq5jwZQcPfpGGpv9TiSD', 10);
insert into claim_schema.mail_req_res (id, request_message, response_message, employee_id) values (29, '1BfXLqo6fx78cCcSJFeG78TbESdNrzFnBj', '135pRSyDRNWmzQ3R63CGPjFyWAJmED7ogd', 18);
insert into claim_schema.mail_req_res (id, request_message, response_message, employee_id) values (30, '1A2eZwHDnQNMruLin3ZWbgXNomfRgL5CM7', '1y2e2cYYCXTpmGZosrR4dokEauCUrLnCd', 6);
insert into claim_schema.mail_req_res (id, request_message, response_message, employee_id) values (31, '1BngHjwSWFhzE4zp2zJcRuc93m6BEk9aLC', '1BRjj7wyDehkcFU9efaE4CjavYcgzAjVmX', 15);
insert into claim_schema.mail_req_res (id, request_message, response_message, employee_id) values (32, '1GyNpBpr8Tw7PtFJ9CQtAiw3bp3NWjBvET', '12KfugY9HHAv3vCnSSZ2NeqqG9TNmPivaF', 3);
insert into claim_schema.mail_req_res (id, request_message, response_message, employee_id) values (33, '13WTHv9JH1AhQM18WF87t8CyMftFe3SYb9', '13cW3jShuSjbNECynRtS239pAsvVjF3n8k', 6);
insert into claim_schema.mail_req_res (id, request_message, response_message, employee_id) values (34, '1NaNqo7vHtgqVcVEXPifmcTctwdcf3Umza', '1MkLsSda5pTtBM3HkHYHjTChedHRsWse5U', 10);
insert into claim_schema.mail_req_res (id, request_message, response_message, employee_id) values (35, '1CX3cXdSiUSKsctn8YUa7RYbjzNTfa1rYz', '1FHWe1Nn65mo14e9opKY5X9TMXxLZUxfvq', 6);
insert into claim_schema.mail_req_res (id, request_message, response_message, employee_id) values (36, '1MG5LAj1DHHQrzWq5BUpqxfGabj1ucFBLC', '1L1ihijUPMSyT6HB3RzSP4eGVT9aFYZekU', 3);
insert into claim_schema.mail_req_res (id, request_message, response_message, employee_id) values (37, '1NHGKVTVxKMDDn9JZ6no8gLPzUU7tbdnNn', '1LmWxewWwLxynneLWkdMfA95T8H2tjrnau', 11);
insert into claim_schema.mail_req_res (id, request_message, response_message, employee_id) values (38, '1KpjABB16EjHFUizdDE4wHiFBm1SsQkNWs', '1QC6KeBYZNiVarSpAsFsHzh9G39NBz1bmr', 11);
insert into claim_schema.mail_req_res (id, request_message, response_message, employee_id) values (39, '1PNuYBUFF4YpTT624AqMdHk4KNvZzHUT3t', '1N2EUbRMTHiMsQYMBg8dUmaVxQPDMKzTgC', 4);
insert into claim_schema.mail_req_res (id, request_message, response_message, employee_id) values (40, '18B3HbbwQbo1MPiJy2GdYE9V2YFvWxNSNB', '1CDCo4asa8EKjGwb6LyD8WF4cEiK6ee9ns', 11);


insert into claim_schema.feedback (id, message, claim_id, employee_id, controller_id) values (1, '1AeGwS3gWaYNUCnk7asEdzQEdhMqHpfv2b', 2, 2, 5);
insert into claim_schema.feedback (id, message, claim_id, employee_id, controller_id) values (2, '1NTiyLMYNjPgeKuBHemteZraYSv2NugmA3', 20, 9, 5);
insert into claim_schema.feedback (id, message, claim_id, employee_id, controller_id) values (3, '1KwAV9J3b1oiuiHbEZmGCnGtdEsHdbLTLH', 11, 2, 11);
insert into claim_schema.feedback (id, message, claim_id, employee_id, controller_id) values (4, '19kQtQB6Z3pEhRi4WQwJHH56GNRgRMvSED', 18, 16, 7);
insert into claim_schema.feedback (id, message, claim_id, employee_id, controller_id) values (5, '1CxSPwLQPVkTUtVF8HSgDmPA2GXPbmC96A', 15, 16, 11);
insert into claim_schema.feedback (id, message, claim_id, employee_id, controller_id) values (6, '1EuMZEhLPaPNR7Paxf3XB1iARXsMaVrEwb', 54, 19, 19);
insert into claim_schema.feedback (id, message, claim_id, employee_id, controller_id) values (7, '1MxXSyBXoud6hWk6gYPWwUmFYf2o8enjaN', 72, 4, 5);
insert into claim_schema.feedback (id, message, claim_id, employee_id, controller_id) values (8, '13Tdv378keckzyfVp4DoqsZxcTYvcfdWzp', 32, 6, 11);
insert into claim_schema.feedback (id, message, claim_id, employee_id, controller_id) values (9, '1Njwai2cZw3BgjX64Uoq2c3iuDbykXSqT6', 30, 4, 19);
insert into claim_schema.feedback (id, message, claim_id, employee_id, controller_id) values (10, '18Z1Z92Eh3dFt5JAAYeKKTmxoHJe7p8JJY', 4, 13, 19);
insert into claim_schema.feedback (id, message, claim_id, employee_id, controller_id) values (11, '1Nv65Yr4zw5YvBHJGVTyRsjeNN2ZdVBjRy', 50, 18, 11);
insert into claim_schema.feedback (id, message, claim_id, employee_id, controller_id) values (12, '1P1AyCiFHrfjpvHtLS63nN5Jh4RgLSvyxW', 47, 3, 17);
insert into claim_schema.feedback (id, message, claim_id, employee_id, controller_id) values (13, '1C7QYVtwfG7ZVVYqct3MqBeiMsw4z4Ur7u', 80, 16, 5);
insert into claim_schema.feedback (id, message, claim_id, employee_id, controller_id) values (14, '13hz6xEszHuMywXDFLKdaJFktGSXcxHMod', 18, 10, 8);
insert into claim_schema.feedback (id, message, claim_id, employee_id, controller_id) values (15, '1NtU8QNmmJ2bGMBg8tF4ZnEmjBvJte6T5Y', 65, 14, 11);
insert into claim_schema.feedback (id, message, claim_id, employee_id, controller_id) values (16, '1Nfy1RT4sEzFD9MUo1JwcnzJu139SKZ9P1', 33, 15, 12);
insert into claim_schema.feedback (id, message, claim_id, employee_id, controller_id) values (17, '132WprT9LForWmBmidoGpf6W2xxfgfLHf5', 54, 4, 8);
insert into claim_schema.feedback (id, message, claim_id, employee_id, controller_id) values (18, '1LMbudwS8wbGY9DV8zZDbDzRLFgPm2LtMc', 58, 6, 12);
insert into claim_schema.feedback (id, message, claim_id, employee_id, controller_id) values (19, '1HKgMkYa5s1Y41VxK7X1nStwMmuwrtTJh2', 20, 1, 8);
insert into claim_schema.feedback (id, message, claim_id, employee_id, controller_id) values (20, '1AeE5ZLankUWgZRyEcDY8e8ccfiXJ3TfhQ', 9, 4, 8);
insert into claim_schema.feedback (id, message, claim_id, employee_id, controller_id) values (21, '1PFvmpfh2dMWrU2JcVBbW7t91tf3RmyBVQ', 6, 20, 19);
insert into claim_schema.feedback (id, message, claim_id, employee_id, controller_id) values (22, '1MT8oHD5VxTfKWRbVFbmzCCR6AdRZ7WcPu', 33, 9, 5);
insert into claim_schema.feedback (id, message, claim_id, employee_id, controller_id) values (23, '15NUTU86z8JJ65haeGLJc9YLnGa7uSY5BX', 66, 2, 5);
insert into claim_schema.feedback (id, message, claim_id, employee_id, controller_id) values (24, '1DwzZ6zvVZdtYCC8Tzy5oxDYdCiTP5KAib', 19, 6, 8);
insert into claim_schema.feedback (id, message, claim_id, employee_id, controller_id) values (25, '1EiyNCQSD9caqgfkqarPvwwjn55m5thEgx', 68, 1, 11);
insert into claim_schema.feedback (id, message, claim_id, employee_id, controller_id) values (26, '1Le62qL9a3q9oTMWGAbxH4VJLVYh49uBtE', 47, 20, 5);
insert into claim_schema.feedback (id, message, claim_id, employee_id, controller_id) values (27, '1LNTmXazUfmWaxPhkrKNVQCRRLU9qBBsja', 2, 18, 5);
insert into claim_schema.feedback (id, message, claim_id, employee_id, controller_id) values (28, '1CCQAUqjzgYawA9SVwJFZAYtZEiktYR98c', 19, 6, 8);
insert into claim_schema.feedback (id, message, claim_id, employee_id, controller_id) values (29, '123k922ozujtbbbNhxDqGbViUY2Wna6mQn', 78, 16, 19);
insert into claim_schema.feedback (id, message, claim_id, employee_id, controller_id) values (30, '1JL3CQremjthDcpDiWDHaGJHHbVBwc4CMW', 76, 18, 17);
insert into claim_schema.feedback (id, message, claim_id, employee_id, controller_id) values (31, '1ACqCsNxV4WAUW8bpUsN2KefjxG2ZdMHPj', 35, 20, 19);
insert into claim_schema.feedback (id, message, claim_id, employee_id, controller_id) values (32, '17xDLFeqTpmm1Kwe15476RPoZ3rQGLyNAp', 78, 4, 7);
insert into claim_schema.feedback (id, message, claim_id, employee_id, controller_id) values (33, '1LahKVRqvfrDBKboVvKBVy2tTnGCZ4XYX5', 23, 10, 7);
insert into claim_schema.feedback (id, message, claim_id, employee_id, controller_id) values (34, '16QLUMYHjjgf12AU1oWP1AYdbegDQci7Ge', 59, 1, 5);
insert into claim_schema.feedback (id, message, claim_id, employee_id, controller_id) values (35, '1PXRzdJjJdEdVdbbnhUHgY8JaAHMRbC3Ar', 11, 9, 11);
insert into claim_schema.feedback (id, message, claim_id, employee_id, controller_id) values (36, '1AjcgQ6w6EnobwurVMhkwA991gZAPQveHb', 80, 2, 7);
insert into claim_schema.feedback (id, message, claim_id, employee_id, controller_id) values (37, '1MqrHaonYwdrrM9zu6uMZMPCpiqGamCjJW', 6, 13, 7);
insert into claim_schema.feedback (id, message, claim_id, employee_id, controller_id) values (38, '1MkXwgSS1ryYqy9Y1XoM4U2rE24Kk88wD2', 17, 14, 17);
insert into claim_schema.feedback (id, message, claim_id, employee_id, controller_id) values (39, '1MDrykCdafcZU46Qjpvz21uiShagQ32BpS', 15, 13, 17);
insert into claim_schema.feedback (id, message, claim_id, employee_id, controller_id) values (40, '12p8fgyBnM4qBJ2pn1vfhgzyZhYGZrqJuH', 48, 6, 19);
